Sr,Branch Name,Clean Address
1,Rajshahi,"Baneswar, Shibpur, Puthia, Rajshahi"
2,Natore,"Kolahata, Kalikapur, Haroa, Bonpara, Boraigram, Natore"
3,Bogura,"Doshtika, Noongola, Bogura Sadar, Bogura"
4,Rangpur,"Kuchbihar Road, Mahigong, Satmatha, Bottola, Mahiganj, Rangpur"
5,Dinajpur,"Kumurpur (near Zosna filling station), Birganj, Dinajpur"
6,Kurigram,"Thikadar Para, Kale, Belgasha, Khalilgonj, Kurigram"
7,Tangail,"Dhaka Road, Gas Field Chourasta, Shakhipur, Tangail"
8,Mymensingh,"Digharkanda (Koborsthan Road), Amlitola, Mymensingh Sadar, Mymensingh"
9,Sylhet,"Kuchai, Kadamtoli, South Surma, Sylhet"
10,Habiganj,"Word-01, College Road, Mirpur Bazar, Bahubal, Habiganj"
11,Cumilla,"Daklapara, Kalakochua Bazar, Burichong, Cumilla"
12,Bhola,"Dalalpur, Kunjerhat, Borhanuddin, Bhola"
13,Narsingdi,"Batiara, Marjal, Kataghat, Raipura, Narsingdi"
14,Jashore,"Chaulia, Rupdia Bazar, Narendrapur, Jashore Sadar, Jashore"
15,Gazipur,"Mulaid, Mawna Chouresta, Tangra, Sreepur, Gazipur"
16,Barishal,"Satia Cadet College, Babuganj, Barishal"
17,Faridpur,"Brammankanda, Sreeangan, Kotwali, Faridpur"
18,Patuakhali,"Badarpur, Maokaran, Patuakhali Sadar, Patuakhali"
19,Chattogram,"Masjidia Chowdhury Para, Mostafapur, Hadifakirhat, Mirsarai, Chattogram"
20,Pabna,"Keranirdhal, Debottor, Atghoria, Pabna"
21,Birampur,"Mohamadpur (Munsipara), Birampur, Dinajpur"
22,Moulvibazar,"Uttor Jogannathpur, Mostafapur, Moulvibazar Sadar, Moulvibazar"
23,Manikganj,"Julnas Pump, Joka, Phukhuria, Ghior, Manikganj"
24,Gopalganj,"Merigopinathpur, Gopalganj Sadar, Gopalganj"
25,Chandpur,"Talukdar Bari, Khalishaduli, Baburhat, Chandpur Sadar, Chandpur"
26,Khulna,"Chuknagor, Dumuria, Khulna"
